entity,code,year,renewables_equivalent_primary_energy_pct,rank
Norway,NOR,2000,72.397888,1
Iceland,ISL,2000,67.805183,2
Brazil,BRA,2000,43.288433,3
Sweden,SWE,2000,38.595711,4
New Zealand,NZL,2000,36.374214,5
Austria,AUT,2000,32.954258,6
Peru,PER,2000,32.495964,7
Switzerland,CHE,2000,30.638752,8
Canada,CAN,2000,29.767817,9
Colombia,COL,2000,29.556067,10
Venezuela,VEN,2000,22.723845,11
Latvia,LVA,2000,22.118162,12
Ecuador,ECU,2000,21.613928,13
Vietnam,VNM,2000,20.092161,14
Croatia,HRV,2000,19.766573,15
Finland,FIN,2000,19.702833,16
Chile,CHL,2000,19.573402,17
Philippines,PHL,2000,18.595215,18
Sri Lanka,LKA,2000,17.715664,19
Slovenia,SVN,2000,14.703167,20
Portugal,PRT,2000,13.073340,21
Argentina,ARG,2000,12.283858,22
Pakistan,PAK,2000,11.344158,23
North Macedonia,MKD,2000,11.215344,24
Turkey,TUR,2000,10.657172,25
Romania,ROU,2000,10.396162,26
Egypt,EGY,2000,7.416068,27
Italy,ITA,2000,7.155643,28
Mexico,MEX,2000,7.150898,29
Denmark,DNK,2000,7.095675,30
Spain,ESP,2000,7.008231,31
France,FRA,2000,6.744561,32
Russia,RUS,2000,6.728621,33
India,IND,2000,6.376289,34
Slovakia,SVK,2000,6.252774,35
Kazakhstan,KAZ,2000,6.022824,36
China,CHN,2000,5.656925,37
Japan,JPN,2000,4.827454,38
United States,USA,2000,4.027357,39
Australia,AUS,2000,3.988878,40
Indonesia,IDN,2000,3.733640,41
Malaysia,MYS,2000,3.681303,42
Bulgaria,BGR,2000,3.634775,43
Azerbaijan,AZE,2000,3.446014,44
Greece,GRC,2000,3.284733,45
Iraq,IRQ,2000,2.929454,46
Uzbekistan,UZB,2000,2.899541,47
Germany,DEU,2000,2.887112,48
Thailand,THA,2000,2.574610,49
Ukraine,UKR,2000,2.103801,50
Ireland,IRL,2000,2.041655,51
Morocco,MAR,2000,1.968584,52
Taiwan,TWN,2000,1.646422,53
Bangladesh,BGD,2000,1.627073,54
Czechia,CZE,2000,1.443427,55
Luxembourg,LUX,2000,1.370370,56
Lithuania,LTU,2000,1.285724,57
United Kingdom,GBR,2000,1.134557,58
Netherlands,NLD,2000,0.925859,59
Iran,IRN,2000,0.808289,60
Poland,POL,2000,0.682802,61
South Korea,KOR,2000,0.542022,62
Belgium,BEL,2000,0.433269,63
South Africa,ZAF,2000,0.405558,64
Hungary,HUN,2000,0.261888,65
Singapore,SGP,2000,0.153654,66
Estonia,EST,2000,0.101668,67
Algeria,DZA,2000,0.053235,68
Trinidad and Tobago,TTO,2000,0.047050,69
Israel,ISR,2000,0.040316,70
Belarus,BLR,2000,0.031302,71
Turkmenistan,TKM,2000,0.007789,72
Oman,OMN,2000,0.000000,73
Qatar,QAT,2000,0.000000,73
Kuwait,KWT,2000,0.000000,73
Saudi Arabia,SAU,2000,0.000000,73
Hong Kong,HKG,2000,0.000000,73
Cyprus,CYP,2000,0.000000,73
United Arab Emirates,ARE,2000,0.000000,73
Iceland,ISL,2001,69.640244,1
Norway,NOR,2001,67.582459,2
Brazil,BRA,2001,39.111622,3
Sweden,SWE,2001,35.828453,4
Peru,PER,2001,35.526463,5
New Zealand,NZL,2001,32.730766,6
Switzerland,CHE,2001,31.928984,7
Austria,AUT,2001,30.816513,8
Colombia,COL,2001,30.604485,9
Canada,CAN,2001,28.201410,10
Vietnam,VNM,2001,22.102148,11
Chile,CHL,2001,22.047359,12
Venezuela,VEN,2001,20.884945,13
Croatia,HRV,2001,20.780861,14
Latvia,LVA,2001,20.512127,15
Ecuador,ECU,2001,19.692354,16
Finland,FIN,2001,17.716715,17
Sri Lanka,LKA,2001,17.628239,18
Philippines,PHL,2001,16.949202,19
Argentina,ARG,2001,15.937488,20
Portugal,PRT,2001,15.646869,21
Slovenia,SVN,2001,13.847439,22
Pakistan,PAK,2001,11.415050,23
Romania,ROU,2001,10.312889,24
Spain,ESP,2001,9.167547,25
Turkey,TUR,2001,9.108514,26
Italy,ITA,2001,7.608505,27
France,FRA,2001,7.405367,28
Denmark,DNK,2001,7.402515,29
Egypt,EGY,2001,7.225909,30
Russia,RUS,2001,6.975970,31
Slovakia,SVK,2001,6.664679,32
China,CHN,2001,6.618624,33
Mexico,MEX,2001,6.339307,34
North Macedonia,MKD,2001,6.336203,35
India,IND,2001,5.992525,36
Kazakhstan,KAZ,2001,5.704264,37
Japan,JPN,2001,4.716366,38
Indonesia,IDN,2001,4.112387,39
Australia,AUS,2001,3.870762,40
United States,USA,2001,3.421371,41
Malaysia,MYS,2001,3.139982,42
Iraq,IRQ,2001,3.016484,43
Azerbaijan,AZE,2001,3.011782,44
Germany,DEU,2001,2.941168,45
Uzbekistan,UZB,2001,2.938592,46
Thailand,THA,2001,2.571448,47
Morocco,MAR,2001,2.472590,48
Greece,GRC,2001,2.296041,49
Bulgaria,BGR,2001,2.270817,50
Ukraine,UKR,2001,2.264666,51
Bangladesh,BGD,2001,1.875003,52
Taiwan,TWN,2001,1.820539,53
Ireland,IRL,2001,1.661700,54
Czechia,CZE,2001,1.581800,55
Luxembourg,LUX,2001,1.252231,56
United Kingdom,GBR,2001,1.085675,57
Lithuania,LTU,2001,1.055019,58
Netherlands,NLD,2001,0.988376,59
Poland,POL,2001,0.820305,60
Iran,IRN,2001,0.818191,61
South Africa,ZAF,2001,0.540335,62
Belgium,BEL,2001,0.449205,63
South Korea,KOR,2001,0.312198,64
Hungary,HUN,2001,0.269270,65
Singapore,SGP,2001,0.259575,66
Estonia,EST,2001,0.096304,67
Algeria,DZA,2001,0.065218,68
Trinidad and Tobago,TTO,2001,0.063791,69
Belarus,BLR,2001,0.035543,70
Israel,ISR,2001,0.025859,71
Turkmenistan,TKM,2001,0.006135,72
Kuwait,KWT,2001,0.000000,73
Saudi Arabia,SAU,2001,0.000000,73
United Arab Emirates,ARE,2001,0.000000,73
Cyprus,CYP,2001,0.000000,73
Qatar,QAT,2001,0.000000,73
Oman,OMN,2001,0.000000,73
Hong Kong,HKG,2001,0.000000,73
Iceland,ISL,2002,69.755898,1
Norway,NOR,2002,69.309822,2
Brazil,BRA,2002,40.756653,3
Peru,PER,2002,35.351955,4
New Zealand,NZL,2002,35.126747,5
Colombia,COL,2002,32.692554,6
Sweden,SWE,2002,32.522167,7
Austria,AUT,2002,30.325117,8
Switzerland,CHE,2002,29.157331,9
Canada,CAN,2002,28.546556,10
Chile,CHL,2002,22.617270,11
Ecuador,ECU,2002,21.095179,12
Venezuela,VEN,2002,20.203684,13
Vietnam,VNM,2002,20.062660,14
Latvia,LVA,2002,17.687973,15
Croatia,HRV,2002,16.805691,16
Philippines,PHL,2002,16.691975,17
Finland,FIN,2002,16.264904,18
Argentina,ARG,2002,16.249306,19
Sri Lanka,LKA,2002,14.758176,20
Slovenia,SVN,2002,12.223348,21
Pakistan,PAK,2002,12.188603,22
Turkey,TUR,2002,11.535796,23
Romania,ROU,2002,10.615109,24
Portugal,PRT,2002,9.748956,25
Denmark,DNK,2002,8.586957,26
North Macedonia,MKD,2002,7.790696,27
Slovakia,SVK,2002,7.005193,28
Egypt,EGY,2002,6.795776,29
Italy,ITA,2002,6.778377,30
Russia,RUS,2002,6.492728,31
Spain,ESP,2002,6.446270,32
China,CHN,2002,6.280488,33
France,FRA,2002,6.175621,34
Kazakhstan,KAZ,2002,6.120414,35
India,IND,2002,5.731832,36
Mexico,MEX,2002,5.449039,37
Japan,JPN,2002,4.702637,38
Azerbaijan,AZE,2002,4.700666,39
United States,USA,2002,4.015507,40
Australia,AUS,2002,3.931450,41
Iraq,IRQ,2002,3.885046,42
Indonesia,IDN,2002,3.683814,43
Germany,DEU,2002,3.538632,44
Uzbekistan,UZB,2002,2.927603,45
Bulgaria,BGR,2002,2.918512,46
Thailand,THA,2002,2.818034,47
Greece,GRC,2002,2.783192,48
Malaysia,MYS,2002,2.593757,49
Morocco,MAR,2002,2.324991,50
Ireland,IRL,2002,2.228650,51
Czechia,CZE,2002,1.819373,52
Ukraine,UKR,2002,1.813234,53
Iran,IRN,2002,1.443348,54
Bangladesh,BGD,2002,1.362208,55
United Kingdom,GBR,2002,1.287619,56
Taiwan,TWN,2002,1.209364,57
Netherlands,NLD,2002,1.186347,58
Lithuania,LTU,2002,1.071801,59
Luxembourg,LUX,2002,1.030143,60
Poland,POL,2002,0.819659,61
South Africa,ZAF,2002,0.653540,62
Belgium,BEL,2002,0.479735,63
South Korea,KOR,2002,0.418577,64
Singapore,SGP,2002,0.262528,65
Hungary,HUN,2002,0.247713,66
Estonia,EST,2002,0.187083,67
Trinidad and Tobago,TTO,2002,0.053144,68
Algeria,DZA,2002,0.051677,69
Israel,ISR,2002,0.040297,70
Belarus,BLR,2002,0.032997,71
Turkmenistan,TKM,2002,0.007208,72
Kuwait,KWT,2002,0.000000,73
Cyprus,CYP,2002,0.000000,73
Oman,OMN,2002,0.000000,73
Qatar,QAT,2002,0.000000,73
United Arab Emirates,ARE,2002,0.000000,73
Hong Kong,HKG,2002,0.000000,73
Saudi Arabia,SAU,2002,0.000000,73
Iceland,ISL,2003,69.681641,1
Norway,NOR,2003,63.816036,2
Brazil,BRA,2003,42.284126,3
Peru,PER,2003,36.600243,4
New Zealand,NZL,2003,34.357147,5
Colombia,COL,2003,33.389133,6
Switzerland,CHE,2003,28.983334,7
Sweden,SWE,2003,27.901482,8
Canada,CAN,2003,27.180014,9
Austria,AUT,2003,25.140518,10
Chile,CHL,2003,22.010809,11
Venezuela,VEN,2003,21.840666,12
Ecuador,ECU,2003,19.533443,13
Vietnam,VNM,2003,19.297657,14
Sri Lanka,LKA,2003,17.510588,15
Portugal,PRT,2003,17.057003,16
Latvia,LVA,2003,16.751474,17
Philippines,PHL,2003,16.424408,18
Croatia,HRV,2003,14.887934,19
Finland,FIN,2003,14.593681,20
Argentina,ARG,2003,14.408259,21
Pakistan,PAK,2003,13.333745,22
North Macedonia,MKD,2003,12.461908,23
Turkey,TUR,2003,11.330117,24
Slovenia,SVN,2003,11.176646,25
Spain,ESP,2003,9.758904,26
Denmark,DNK,2003,9.462801,27
Romania,ROU,2003,8.716783,28
Italy,ITA,2003,6.339080,29
Russia,RUS,2003,6.075377,30
France,FRA,2003,5.962182,31
Egypt,EGY,2003,5.937698,32
India,IND,2003,5.624062,33
Kazakhstan,KAZ,2003,5.382555,34
Japan,JPN,2003,5.332041,35
China,CHN,2003,5.301109,36
Azerbaijan,AZE,2003,5.277903,37
Mexico,MEX,2003,4.652455,38
Iraq,IRQ,2003,4.535983,39
Slovakia,SVK,2003,4.494421,40
Greece,GRC,2003,4.297642,41
United States,USA,2003,4.180040,42
Australia,AUS,2003,4.014969,43
Bulgaria,BGR,2003,3.859723,44
Uzbekistan,UZB,2003,3.669659,45
Morocco,MAR,2003,3.657069,46
Germany,DEU,2003,3.641990,47
Indonesia,IDN,2003,3.221095,48
Thailand,THA,2003,2.722708,49
Malaysia,MYS,2003,2.253213,50
Ireland,IRL,2003,1.877527,51
Ukraine,UKR,2003,1.688597,52
Iran,IRN,2003,1.683765,53
Bangladesh,BGD,2003,1.278404,54
Taiwan,TWN,2003,1.267794,55
United Kingdom,GBR,2003,1.234234,56
Netherlands,NLD,2003,1.163509,57
Czechia,CZE,2003,1.085682,58
Lithuania,LTU,2003,0.945200,59
Luxembourg,LUX,2003,0.917407,60
Poland,POL,2003,0.675468,61
South Korea,KOR,2003,0.598539,62
Belgium,BEL,2003,0.486715,63
Hungary,HUN,2003,0.359185,64
South Africa,ZAF,2003,0.298976,65
Singapore,SGP,2003,0.288920,66
Algeria,DZA,2003,0.228104,67
Estonia,EST,2003,0.220285,68
Israel,ISR,2003,0.052214,69
Belarus,BLR,2003,0.031896,70
Trinidad and Tobago,TTO,2003,0.023576,71
Turkmenistan,TKM,2003,0.005189,72
Kuwait,KWT,2003,0.000000,73
Cyprus,CYP,2003,0.000000,73
Saudi Arabia,SAU,2003,0.000000,73
Hong Kong,HKG,2003,0.000000,73
United Arab Emirates,ARE,2003,0.000000,73
Qatar,QAT,2003,0.000000,73
Oman,OMN,2003,0.000000,73
Iceland,ISL,2004,68.896179,1
Norway,NOR,2004,64.238762,2
Brazil,BRA,2004,42.286156,3
New Zealand,NZL,2004,37.794468,4
Colombia,COL,2004,34.505455,5
Peru,PER,2004,32.297504,6
Sweden,SWE,2004,30.187603,7
Switzerland,CHE,2004,28.436501,8
Austria,AUT,2004,27.633785,9
Canada,CAN,2004,26.827923,10
Venezuela,VEN,2004,23.130436,11
Latvia,LVA,2004,20.242414,12
Croatia,HRV,2004,19.899082,13
Chile,CHL,2004,19.768446,14
Finland,FIN,2004,19.509205,15
Ecuador,ECU,2004,18.734905,16
Philippines,PHL,2004,16.852709,17
Sri Lanka,LKA,2004,16.025322,18
Vietnam,VNM,2004,14.763954,19
Slovenia,SVN,2004,14.306864,20
Turkey,TUR,2004,13.691692,21
North Macedonia,MKD,2004,13.524394,22
Pakistan,PAK,2004,12.676343,23
Argentina,ARG,2004,12.185575,24
Portugal,PRT,2004,12.089573,25
Denmark,DNK,2004,11.729121,26
Romania,ROU,2004,10.407817,27
Spain,ESP,2004,8.440905,28
India,IND,2004,7.460849,29
Italy,ITA,2004,7.220357,30
Russia,RUS,2004,6.754271,31
France,FRA,2004,5.970315,32
Egypt,EGY,2004,5.634644,33
China,CHN,2004,5.600940,34
Slovakia,SVK,2004,5.424992,35
Mexico,MEX,2004,5.303242,36
Japan,JPN,2004,5.257670,37
Azerbaijan,AZE,2004,5.158582,38
Iraq,IRQ,2004,5.081916,39
Kazakhstan,KAZ,2004,4.701576,40
Germany,DEU,2004,4.516598,41
Greece,GRC,2004,4.291226,42
Bulgaria,BGR,2004,4.144022,43
United States,USA,2004,4.101511,44
Australia,AUS,2004,4.036561,45
Morocco,MAR,2004,3.473498,46
Indonesia,IDN,2004,3.425964,47
Uzbekistan,UZB,2004,3.319612,48
Malaysia,MYS,2004,2.319720,49
Thailand,THA,2004,2.313350,50
Ireland,IRL,2004,2.256778,51
Ukraine,UKR,2004,2.141607,52
Iran,IRN,2004,1.884332,53
United Kingdom,GBR,2004,1.608395,54
Netherlands,NLD,2004,1.503125,55
Czechia,CZE,2004,1.460234,56
Taiwan,TWN,2004,1.274946,57
Bangladesh,BGD,2004,1.229696,58
Lithuania,LTU,2004,1.198676,59
Luxembourg,LUX,2004,1.112019,60
Hungary,HUN,2004,1.011494,61
Poland,POL,2004,0.891242,62
Belgium,BEL,2004,0.606299,63
South Korea,KOR,2004,0.534638,64
South Africa,ZAF,2004,0.293985,65
Estonia,EST,2004,0.287427,66
Singapore,SGP,2004,0.248175,67
Algeria,DZA,2004,0.206787,68
Israel,ISR,2004,0.046137,69
Trinidad and Tobago,TTO,2004,0.039729,70
Belarus,BLR,2004,0.034380,71
Cyprus,CYP,2004,0.006547,72
Turkmenistan,TKM,2004,0.005208,73
Hong Kong,HKG,2004,0.000000,74
Saudi Arabia,SAU,2004,0.000000,74
United Arab Emirates,ARE,2004,0.000000,74
Kuwait,KWT,2004,0.000000,74
Qatar,QAT,2004,0.000000,74
Oman,OMN,2004,0.000000,74
Norway,NOR,2005,69.736031,1
Iceland,ISL,2005,68.649345,2
Brazil,BRA,2005,43.145699,3
Colombia,COL,2005,35.053532,4
Sweden,SWE,2005,34.732090,5
New Zealand,NZL,2005,34.682922,6
Peru,PER,2005,31.846310,7
Canada,CAN,2005,28.265476,8
Austria,AUT,2005,27.947861,9
Switzerland,CHE,2005,27.377468,10
Venezuela,VEN,2005,24.533659,11
Chile,CHL,2005,22.415243,12
Latvia,LVA,2005,20.853584,13
Finland,FIN,2005,19.463720,14
Croatia,HRV,2005,18.502132,15
Ecuador,ECU,2005,16.596605,16
Philippines,PHL,2005,16.317411,17
Sri Lanka,LKA,2005,16.077099,18
Pakistan,PAK,2005,13.597510,19
North Macedonia,MKD,2005,13.126352,20
Vietnam,VNM,2005,12.846748,21
Argentina,ARG,2005,12.788524,22
Romania,ROU,2005,12.629432,23
Denmark,DNK,2005,12.488843,24
Slovenia,SVN,2005,12.045763,25
Turkey,TUR,2005,11.418583,26
Portugal,PRT,2005,8.115614,27
Spain,ESP,2005,6.923494,28
India,IND,2005,6.894317,29
Russia,RUS,2005,6.603690,30
Italy,ITA,2005,6.433544,31
Slovakia,SVK,2005,5.801839,32
China,CHN,2005,5.554481,33
Mexico,MEX,2005,5.473337,34
Egypt,EGY,2005,5.385706,35
France,FRA,2005,5.365334,36
Bulgaria,BGR,2005,5.212998,37
Germany,DEU,2005,5.208419,38
Azerbaijan,AZE,2005,5.165003,39
Japan,JPN,2005,4.790323,40
Greece,GRC,2005,4.600326,41
Iraq,IRQ,2005,4.544925,42
Kazakhstan,KAZ,2005,4.432412,43
Australia,AUS,2005,4.313553,44
United States,USA,2005,4.219231,45
Indonesia,IDN,2005,3.527426,46
Uzbekistan,UZB,2005,3.499484,47
Ireland,IRL,2005,2.884650,48
Malaysia,MYS,2005,2.286206,49
Thailand,THA,2005,2.275210,50
Ukraine,UKR,2005,2.211732,51
Iran,IRN,2005,2.142639,52
Morocco,MAR,2005,2.081692,53
Netherlands,NLD,2005,2.078050,54
United Kingdom,GBR,2005,1.924693,55
Hungary,HUN,2005,1.910650,56
Czechia,CZE,2005,1.722358,57
Taiwan,TWN,2005,1.473228,58
Lithuania,LTU,2005,1.409965,59
Luxembourg,LUX,2005,1.167921,60
Poland,POL,2005,1.135477,61
Bangladesh,BGD,2005,1.135346,62
Belgium,BEL,2005,0.866680,63
Estonia,EST,2005,0.500524,64
South Korea,KOR,2005,0.453539,65
Algeria,DZA,2005,0.434119,66
South Africa,ZAF,2005,0.404334,67
Singapore,SGP,2005,0.234034,68
Israel,ISR,2005,0.045620,69
Belarus,BLR,2005,0.037284,70
Trinidad and Tobago,TTO,2005,0.035587,71
Cyprus,CYP,2005,0.007081,72
Turkmenistan,TKM,2005,0.005112,73
Kuwait,KWT,2005,0.000000,74
Hong Kong,HKG,2005,0.000000,74
United Arab Emirates,ARE,2005,0.000000,74
Saudi Arabia,SAU,2005,0.000000,74
Oman,OMN,2005,0.000000,74
Qatar,QAT,2005,0.000000,74
Iceland,ISL,2006,70.918282,1
Norway,NOR,2006,66.735252,2
Brazil,BRA,2006,43.045963,3
New Zealand,NZL,2006,34.811123,4
Colombia,COL,2006,34.142719,5
Peru,PER,2006,34.128056,6
Sweden,SWE,2006,32.331280,7
Austria,AUT,2006,28.591209,8
Canada,CAN,2006,27.616468,9
Switzerland,CHE,2006,26.049185,10
Venezuela,VEN,2006,24.401985,11
Chile,CHL,2006,22.566658,12
Sri Lanka,LKA,2006,19.959389,13
Philippines,PHL,2006,18.684961,14
Latvia,LVA,2006,17.836657,15
Finland,FIN,2006,17.534887,16
Croatia,HRV,2006,17.524090,17
Vietnam,VNM,2006,16.607241,18
Ecuador,ECU,2006,16.251610,19
Portugal,PRT,2006,15.572563,20
North Macedonia,MKD,2006,14.188615,21
Argentina,ARG,2006,13.449462,22
Pakistan,PAK,2006,12.633492,23
Slovenia,SVN,2006,12.255213,24
Turkey,TUR,2006,11.456921,25
Romania,ROU,2006,11.172654,26
Denmark,DNK,2006,10.610840,27
Spain,ESP,2006,8.360923,28
India,IND,2006,7.706240,29
Italy,ITA,2006,6.729989,30
Russia,RUS,2006,6.309633,31
Slovakia,SVK,2006,6.194248,32
Germany,DEU,2006,6.026305,33
France,FRA,2006,5.969732,34
Mexico,MEX,2006,5.586086,35
China,CHN,2006,5.577982,36
Greece,GRC,2006,5.321950,37
Japan,JPN,2006,5.309009,38
Egypt,EGY,2006,5.172314,39
Bulgaria,BGR,2006,4.984425,40
Iraq,IRQ,2006,4.738600,41
United States,USA,2006,4.678861,42
Azerbaijan,AZE,2006,4.366300,43
Australia,AUS,2006,4.233413,44
Kazakhstan,KAZ,2006,4.047025,45
Ireland,IRL,2006,3.701902,46
Indonesia,IDN,2006,3.220309,47
Uzbekistan,UZB,2006,3.159281,48
Thailand,THA,2006,2.977826,49
Iran,IRN,2006,2.500738,50
Malaysia,MYS,2006,2.365507,51
Netherlands,NLD,2006,2.315084,52
Ukraine,UKR,2006,2.263283,53
United Kingdom,GBR,2006,2.116309,54
Morocco,MAR,2006,2.018249,55
Czechia,CZE,2006,1.947597,56
Hungary,HUN,2006,1.540813,57
Taiwan,TWN,2006,1.475401,58
Lithuania,LTU,2006,1.394840,59
Luxembourg,LUX,2006,1.390871,60
Poland,POL,2006,1.248581,61
Belgium,BEL,2006,1.209545,62
Bangladesh,BGD,2006,1.046309,63
South Africa,ZAF,2006,0.725940,64
Estonia,EST,2006,0.593951,65
South Korea,KOR,2006,0.450267,66
Singapore,SGP,2006,0.209631,67
Algeria,DZA,2006,0.163272,68
Belarus,BLR,2006,0.036013,69
Trinidad and Tobago,TTO,2006,0.035687,70
Israel,ISR,2006,0.029145,71
Cyprus,CYP,2006,0.011745,72
Turkmenistan,TKM,2006,0.005028,73
Hong Kong,HKG,2006,0.000649,74
Kuwait,KWT,2006,0.000000,75
United Arab Emirates,ARE,2006,0.000000,75
Saudi Arabia,SAU,2006,0.000000,75
Oman,OMN,2006,0.000000,75
Qatar,QAT,2006,0.000000,75
Iceland,ISL,2007,74.301689,1
Norway,NOR,2007,69.240501,2
Brazil,BRA,2007,44.380226,3
New Zealand,NZL,2007,35.406635,4
Colombia,COL,2007,35.182762,5
Sweden,SWE,2007,34.599030,6
Peru,PER,2007,31.039616,7
Austria,AUT,2007,30.980610,8
Switzerland,CHE,2007,29.711977,9
Canada,CAN,2007,27.694315,10
Venezuela,VEN,2007,23.413424,11
Ecuador,ECU,2007,19.557272,12
Finland,FIN,2007,18.869097,13
Chile,CHL,2007,18.706137,14
Latvia,LVA,2007,17.445015,15
Vietnam,VNM,2007,17.202272,16
Sri Lanka,LKA,2007,16.628553,17
Philippines,PHL,2007,16.430105,18
Portugal,PRT,2007,16.143671,19
Denmark,DNK,2007,12.422540,20
Croatia,HRV,2007,12.365527,21
Pakistan,PAK,2007,12.365368,22
Slovenia,SVN,2007,11.193771,23
Argentina,ARG,2007,10.599154,24
Romania,ROU,2007,10.032531,25
Spain,ESP,2007,9.064817,26
Turkey,TUR,2007,8.779490,27
North Macedonia,MKD,2007,8.696234,28
India,IND,2007,7.855645,29
Germany,DEU,2007,7.653833,30
Slovakia,SVK,2007,6.746676,31
France,FRA,2007,6.638713,32
Italy,ITA,2007,6.431971,33
Russia,RUS,2007,6.371351,34
China,CHN,2007,5.718535,35
Egypt,EGY,2007,5.363155,36
Mexico,MEX,2007,5.209547,37
Japan,JPN,2007,4.761953,38
Azerbaijan,AZE,2007,4.502970,39
United States,USA,2007,4.373009,40
Iraq,IRQ,2007,4.272894,41
Ireland,IRL,2007,4.042659,42
Australia,AUS,2007,3.976723,43
Kazakhstan,KAZ,2007,3.818174,44
Bulgaria,BGR,2007,3.510521,45
Indonesia,IDN,2007,3.370551,46
Uzbekistan,UZB,2007,3.235535,47
Greece,GRC,2007,3.113686,48
Thailand,THA,2007,2.936369,49
United Kingdom,GBR,2007,2.422110,50
Netherlands,NLD,2007,2.417424,51
Iran,IRN,2007,2.270636,52
Malaysia,MYS,2007,2.138460,53
Morocco,MAR,2007,2.050192,54
Hungary,HUN,2007,1.963714,55
Czechia,CZE,2007,1.915100,56
Ukraine,UKR,2007,1.836031,57
Lithuania,LTU,2007,1.696282,58
Poland,POL,2007,1.562345,59
Luxembourg,LUX,2007,1.537957,60
Taiwan,TWN,2007,1.526246,61
Belgium,BEL,2007,1.415252,62
Bangladesh,BGD,2007,1.020737,63
South Africa,ZAF,2007,0.702389,64
Estonia,EST,2007,0.589030,65
South Korea,KOR,2007,0.504308,66
Singapore,SGP,2007,0.202149,67
Algeria,DZA,2007,0.159905,68
Belarus,BLR,2007,0.049696,69
Israel,ISR,2007,0.026580,70
Cyprus,CYP,2007,0.026519,71
Trinidad and Tobago,TTO,2007,0.026231,72
Turkmenistan,TKM,2007,0.005149,73
Hong Kong,HKG,2007,0.000756,74
Oman,OMN,2007,0.000000,75
Kuwait,KWT,2007,0.000000,75
United Arab Emirates,ARE,2007,0.000000,75
Saudi Arabia,SAU,2007,0.000000,75
Qatar,QAT,2007,0.000000,75
Iceland,ISL,2008,81.151619,1
Norway,NOR,2008,69.895432,2
Brazil,BRA,2008,43.366776,3
Sweden,SWE,2008,36.928471,4
New Zealand,NZL,2008,34.397457,5
Colombia,COL,2008,33.941410,6
Austria,AUT,2008,31.345478,7
Switzerland,CHE,2008,29.249441,8
Canada,CAN,2008,28.590092,9
Peru,PER,2008,28.021553,10
Venezuela,VEN,2008,24.759380,11
Ecuador,ECU,2008,22.617521,12
Finland,FIN,2008,22.427767,13
Chile,CHL,2008,20.915377,14
Latvia,LVA,2008,19.558802,15
Sri Lanka,LKA,2008,18.366501,16
Philippines,PHL,2008,17.313362,17
Vietnam,VNM,2008,16.009518,18
Croatia,HRV,2008,15.226480,19
Portugal,PRT,2008,15.146783,20
Slovenia,SVN,2008,13.052405,21
Denmark,DNK,2008,12.605600,22
Romania,ROU,2008,10.699506,23
Pakistan,PAK,2008,10.553434,24
Argentina,ARG,2008,10.437064,25
Spain,ESP,2008,9.948371,26
Turkey,TUR,2008,8.211599,27
Italy,ITA,2008,8.195320,28
Germany,DEU,2008,7.817628,29
France,FRA,2008,7.632267,30
North Macedonia,MKD,2008,7.438910,31
China,CHN,2008,7.268667,32
India,IND,2008,7.257065,33
Mexico,MEX,2008,6.696116,34
Slovakia,SVK,2008,6.227740,35
Russia,RUS,2008,5.867445,36
Egypt,EGY,2008,5.414237,37
Ireland,IRL,2008,5.176768,38
United States,USA,2008,5.004550,39
Japan,JPN,2008,4.830859,40
Azerbaijan,AZE,2008,4.184757,41
Greece,GRC,2008,3.987140,42
Australia,AUS,2008,3.681326,43
Bulgaria,BGR,2008,3.598369,44
Indonesia,IDN,2008,3.586532,45
Kazakhstan,KAZ,2008,3.284912,46
Thailand,THA,2008,2.948281,47
Netherlands,NLD,2008,2.913216,48
United Kingdom,GBR,2008,2.912039,49
Malaysia,MYS,2008,2.624564,50
Hungary,HUN,2008,2.488173,51
Iraq,IRQ,2008,2.381868,52
Uzbekistan,UZB,2008,2.328988,53
Poland,POL,2008,2.207611,54
Czechia,CZE,2008,2.153617,55
Ukraine,UKR,2008,2.133000,56
Morocco,MAR,2008,1.897597,57
Lithuania,LTU,2008,1.769284,58
Belgium,BEL,2008,1.764394,59
Luxembourg,LUX,2008,1.648137,60
Taiwan,TWN,2008,1.563118,61
Bangladesh,BGD,2008,1.221813,62
Iran,IRN,2008,0.923593,63
Estonia,EST,2008,0.845526,64
South Korea,KOR,2008,0.529346,65
South Africa,ZAF,2008,0.350451,66
Singapore,SGP,2008,0.199381,67
Algeria,DZA,2008,0.187754,68
Cyprus,CYP,2008,0.113067,69
Belarus,BLR,2008,0.072906,70
Israel,ISR,2008,0.035233,71
Trinidad and Tobago,TTO,2008,0.027968,72
Turkmenistan,TKM,2008,0.006238,73
Hong Kong,HKG,2008,0.000801,74
Saudi Arabia,SAU,2008,0.000077,75
Qatar,QAT,2008,0.000000,76
United Arab Emirates,ARE,2008,0.000000,76
Kuwait,KWT,2008,0.000000,76
Oman,OMN,2008,0.000000,76
Iceland,ISL,2009,82.502602,1
Norway,NOR,2009,67.789230,2
Brazil,BRA,2009,46.308830,3
Sweden,SWE,2009,39.141991,4
New Zealand,NZL,2009,37.898605,5
Austria,AUT,2009,34.322514,6
Colombia,COL,2009,31.377745,7
Canada,CAN,2009,29.209450,8
Switzerland,CHE,2009,28.932711,9
Peru,PER,2009,28.333691,10
Venezuela,VEN,2009,24.415695,11
Latvia,LVA,2009,22.685837,12
Chile,CHL,2009,21.777431,13
Croatia,HRV,2009,19.643877,14
Finland,FIN,2009,19.180460,15
Ecuador,ECU,2009,18.929243,16
Portugal,PRT,2009,18.849367,17
Vietnam,VNM,2009,17.948021,18
Sri Lanka,LKA,2009,17.016684,19
Philippines,PHL,2009,16.679699,20
Slovenia,SVN,2009,15.946548,21
Denmark,DNK,2009,13.328370,22
Spain,ESP,2009,12.662101,23
Argentina,ARG,2009,11.783506,24
North Macedonia,MKD,2009,11.345901,25
Romania,ROU,2009,10.989452,26
Pakistan,PAK,2009,10.885857,27
Italy,ITA,2009,10.585501,28
Turkey,TUR,2009,8.923344,29
Germany,DEU,2009,8.454280,30
France,FRA,2009,7.706450,31
Slovakia,SVK,2009,7.332043,32
China,CHN,2009,6.935532,33
Russia,RUS,2009,6.485456,34
India,IND,2009,6.473570,35
Ireland,IRL,2009,6.452940,36
Greece,GRC,2009,5.843325,37
United States,USA,2009,5.800006,38
Bulgaria,BGR,2009,5.127213,39
Japan,JPN,2009,5.021396,40
Mexico,MEX,2009,4.956578,41
Azerbaijan,AZE,2009,4.871128,42
Egypt,EGY,2009,4.800595,43
Morocco,MAR,2009,4.711689,44
Australia,AUS,2009,3.920266,45
Indonesia,IDN,2009,3.655174,46
United Kingdom,GBR,2009,3.545405,47
Uzbekistan,UZB,2009,3.447852,48
Netherlands,NLD,2009,3.430278,49
Kazakhstan,KAZ,2009,3.354735,50
Hungary,HUN,2009,3.308108,51
Poland,POL,2009,3.065822,52
Thailand,THA,2009,3.050122,53
Czechia,CZE,2009,2.796299,54
Estonia,EST,2009,2.787216,55
Malaysia,MYS,2009,2.622681,56
Ukraine,UKR,2009,2.547625,57
Belgium,BEL,2009,2.521435,58
Iraq,IRQ,2009,2.328027,59
Lithuania,LTU,2009,2.186495,60
Luxembourg,LUX,2009,1.637124,61
Taiwan,TWN,2009,1.499472,62
Iran,IRN,2009,0.813697,63
South Korea,KOR,2009,0.570095,64
Bangladesh,BGD,2009,0.511760,65
South Africa,ZAF,2009,0.387856,66
Cyprus,CYP,2009,0.235132,67
Algeria,DZA,2009,0.212785,68
Singapore,SGP,2009,0.186900,69
Israel,ISR,2009,0.114866,70
Belarus,BLR,2009,0.113253,71
Trinidad and Tobago,TTO,2009,0.027314,72
Turkmenistan,TKM,2009,0.003802,73
United Arab Emirates,ARE,2009,0.001801,74
Hong Kong,HKG,2009,0.000989,75
Saudi Arabia,SAU,2009,0.000073,76
Oman,OMN,2009,0.000000,77
Kuwait,KWT,2009,0.000000,77
Qatar,QAT,2009,0.000000,77
Iceland,ISL,2010,83.076279,1
Norway,NOR,2010,65.470192,2
Brazil,BRA,2010,44.246536,3
New Zealand,NZL,2010,38.817486,4
Sweden,SWE,2010,38.351444,5
Austria,AUT,2010,31.605642,6
Colombia,COL,2010,30.092037,7
Switzerland,CHE,2010,29.882568,8
Canada,CAN,2010,27.789688,9
Portugal,PRT,2010,27.393208,10
Peru,PER,2010,25.213640,11
Croatia,HRV,2010,23.850374,12
Sri Lanka,LKA,2010,22.894518,13
Venezuela,VEN,2010,22.484463,14
Latvia,LVA,2010,20.366039,15
North Macedonia,MKD,2010,19.909607,16
Finland,FIN,2010,19.647142,17
Chile,CHL,2010,19.264341,18
Spain,ESP,2010,16.742804,19
Ecuador,ECU,2010,15.936485,20
Denmark,DNK,2010,15.651074,21
Slovenia,SVN,2010,15.326107,22
Vietnam,VNM,2010,14.711740,23
Philippines,PHL,2010,14.187132,24
Romania,ROU,2010,14.136739,25
Turkey,TUR,2010,12.280028,26
Argentina,ARG,2010,11.661375,27
Italy,ITA,2010,11.430810,28
Pakistan,PAK,2010,11.174628,29
Germany,DEU,2010,8.792469,30
France,FRA,2010,8.220292,31
Slovakia,SVK,2010,7.976163,32
Greece,GRC,2010,7.824593,33
Bulgaria,BGR,2010,7.616096,34
China,CHN,2010,7.615998,35
Azerbaijan,AZE,2010,7.311432,36
India,IND,2010,6.583671,37
Mexico,MEX,2010,6.283124,38
Russia,RUS,2010,5.931856,39
Morocco,MAR,2010,5.887355,40
Ireland,IRL,2010,5.853093,41
United States,USA,2010,5.840555,42
Japan,JPN,2010,5.684884,43
Egypt,EGY,2010,4.461719,44
Estonia,EST,2010,4.391972,45
Indonesia,IDN,2010,4.326221,46
Australia,AUS,2010,4.312805,47
Uzbekistan,UZB,2010,4.280482,48
Lithuania,LTU,2010,3.940325,49
United Kingdom,GBR,2010,3.659130,50
Kazakhstan,KAZ,2010,3.624057,51
Poland,POL,2010,3.453680,52
Hungary,HUN,2010,3.356313,53
Czechia,CZE,2010,3.355467,54
Netherlands,NLD,2010,3.213441,55
Belgium,BEL,2010,3.099551,56
Thailand,THA,2010,2.806470,57
Iraq,IRQ,2010,2.637557,58
Ukraine,UKR,2010,2.610060,59
Malaysia,MYS,2010,2.325419,60
Taiwan,TWN,2010,1.562087,61
Luxembourg,LUX,2010,1.554400,62
Iran,IRN,2010,1.195072,63
South Korea,KOR,2010,0.919559,64
Bangladesh,BGD,2010,0.864893,65
Cyprus,CYP,2010,0.559332,66
South Africa,ZAF,2010,0.315030,67
Singapore,SGP,2010,0.192969,68
Israel,ISR,2010,0.187283,69
Belarus,BLR,2010,0.129249,70
Algeria,DZA,2010,0.115132,71
Hong Kong,HKG,2010,0.040526,72
United Arab Emirates,ARE,2010,0.004943,73
Trinidad and Tobago,TTO,2010,0.004751,74
Turkmenistan,TKM,2010,0.003683,75
Saudi Arabia,SAU,2010,0.000440,76
Kuwait,KWT,2010,0.000000,77
Oman,OMN,2010,0.000000,77
Qatar,QAT,2010,0.000000,77
Iceland,ISL,2011,83.273987,1
Norway,NOR,2011,66.300117,2
Brazil,BRA,2011,43.910061,3
Sweden,SWE,2011,39.861126,4
New Zealand,NZL,2011,39.533886,5
Colombia,COL,2011,34.515675,6
Austria,AUT,2011,30.720795,7
Canada,CAN,2011,28.626369,8
Switzerland,CHE,2011,28.442818,9
Portugal,PRT,2011,24.511286,10
Peru,PER,2011,24.354307,11
Venezuela,VEN,2011,23.651970,12
Finland,FIN,2011,20.955502,13
Latvia,LVA,2011,19.268509,14
Ecuador,ECU,2011,19.198841,15
Vietnam,VNM,2011,19.027452,16
Denmark,DNK,2011,18.646690,17
Chile,CHL,2011,17.502325,18
Sri Lanka,LKA,2011,17.231127,19
Spain,ESP,2011,15.473434,20
Croatia,HRV,2011,15.472614,21
Philippines,PHL,2011,15.432299,22
Slovenia,SVN,2011,12.851766,23
Italy,ITA,2011,12.443047,24
Turkey,TUR,2011,11.913782,25
North Macedonia,MKD,2011,11.702621,26
Pakistan,PAK,2011,11.411279,27
Romania,ROU,2011,11.033340,28
Argentina,ARG,2011,10.929448,29
Germany,DEU,2011,10.566965,30
Ireland,IRL,2011,8.820141,31
India,IND,2011,7.501343,32
France,FRA,2011,7.185518,33
China,CHN,2011,7.084204,34
Slovakia,SVK,2011,6.984350,35
United States,USA,2011,6.897319,36
Greece,GRC,2011,6.159234,37
Mexico,MEX,2011,5.886854,38
Japan,JPN,2011,5.733157,39
Australia,AUS,2011,5.698981,40
Russia,RUS,2011,5.585276,41
Azerbaijan,AZE,2011,5.077954,42
Estonia,EST,2011,4.931231,43
United Kingdom,GBR,2011,4.891127,44
Bulgaria,BGR,2011,4.849967,45
Lithuania,LTU,2011,4.594768,46
Egypt,EGY,2011,4.331544,47
Czechia,CZE,2011,4.272681,48
Belgium,BEL,2011,4.045991,49
Poland,POL,2011,4.042589,50
Netherlands,NLD,2011,3.811289,51
Morocco,MAR,2011,3.643836,52
Thailand,THA,2011,3.457340,53
Indonesia,IDN,2011,3.388598,54
Kazakhstan,KAZ,2011,3.119095,55
Hungary,HUN,2011,3.073693,56
Malaysia,MYS,2011,2.859370,57
Uzbekistan,UZB,2011,2.823631,58
Iraq,IRQ,2011,2.396215,59
Ukraine,UKR,2011,2.098529,60
Taiwan,TWN,2011,1.633103,61
Luxembourg,LUX,2011,1.471319,62
Cyprus,CYP,2011,1.369889,63
South Korea,KOR,2011,1.253945,64
Iran,IRN,2011,1.189808,65
Bangladesh,BGD,2011,0.951369,66
South Africa,ZAF,2011,0.698346,67
Israel,ISR,2011,0.318693,68
Algeria,DZA,2011,0.235260,69
Singapore,SGP,2011,0.190666,70
Belarus,BLR,2011,0.143034,71
Qatar,QAT,2011,0.077440,72
Hong Kong,HKG,2011,0.044920,73
United Arab Emirates,ARE,2011,0.005254,74
Trinidad and Tobago,TTO,2011,0.004814,75
Turkmenistan,TKM,2011,0.003594,76
Saudi Arabia,SAU,2011,0.000548,77
Kuwait,KWT,2011,0.000000,78
Oman,OMN,2011,0.000000,78
Iceland,ISL,2012,83.540466,1
Norway,NOR,2012,70.095116,2
Sweden,SWE,2012,43.305737,3
Brazil,BRA,2012,42.066368,4
New Zealand,NZL,2012,36.914871,5
Austria,AUT,2012,35.929344,6
Switzerland,CHE,2012,31.854078,7
Colombia,COL,2012,31.746134,8
Canada,CAN,2012,28.976913,9
Finland,FIN,2012,24.975452,10
Latvia,LVA,2012,24.737150,11
Peru,PER,2012,24.011053,12
Vietnam,VNM,2012,23.388845,13
Venezuela,VEN,2012,22.079144,14
Portugal,PRT,2012,21.701544,15
Denmark,DNK,2012,20.934052,16
Ecuador,ECU,2012,19.840086,17
Chile,CHL,2012,18.095961,18
Croatia,HRV,2012,16.519665,19
Spain,ESP,2012,15.889772,20
Philippines,PHL,2012,15.557659,21
Slovenia,SVN,2012,14.665227,22
Italy,ITA,2012,14.165737,23
Turkey,TUR,2012,12.522766,24
Sri Lanka,LKA,2012,12.257574,25
Germany,DEU,2012,11.899699,26
Romania,ROU,2012,10.439118,27
Argentina,ARG,2012,10.216426,28
France,FRA,2012,9.137363,29
North Macedonia,MKD,2012,9.123692,30
Ireland,IRL,2012,8.679478,31
China,CHN,2012,8.522597,32
Greece,GRC,2012,8.102894,33
Slovakia,SVK,2012,8.014707,34
United States,USA,2012,6.886334,35
Bulgaria,BGR,2012,6.869961,36
India,IND,2012,6.727289,37
Estonia,EST,2012,6.125763,38
Australia,AUS,2012,5.700209,39
Japan,JPN,2012,5.650205,40
Russia,RUS,2012,5.550893,41
Mexico,MEX,2012,5.462080,42
United Kingdom,GBR,2012,5.453807,43
Poland,POL,2012,5.228509,44
Belgium,BEL,2012,5.060075,45
Lithuania,LTU,2012,4.873660,46
Czechia,CZE,2012,4.792661,47
Pakistan,PAK,2012,4.317788,48
Egypt,EGY,2012,4.180290,49
Netherlands,NLD,2012,3.963631,50
Thailand,THA,2012,3.770575,51
Indonesia,IDN,2012,3.471363,52
Azerbaijan,AZE,2012,3.337346,53
Uzbekistan,UZB,2012,3.208580,54
Hungary,HUN,2012,3.186504,55
Morocco,MAR,2012,3.113783,56
Malaysia,MYS,2012,2.907140,57
Kazakhstan,KAZ,2012,2.857217,58
Iraq,IRQ,2012,2.823270,59
Ukraine,UKR,2012,2.138865,60
Cyprus,CYP,2012,2.098843,61
Taiwan,TWN,2012,1.995424,62
Luxembourg,LUX,2012,1.849729,63
Iran,IRN,2012,1.372298,64
South Korea,KOR,2012,1.288483,65
Bangladesh,BGD,2012,0.825649,66
Israel,ISR,2012,0.481130,67
South Africa,ZAF,2012,0.314821,68
Algeria,DZA,2012,0.224532,69
Singapore,SGP,2012,0.199174,70
Belarus,BLR,2012,0.158969,71
Qatar,QAT,2012,0.067392,72
Hong Kong,HKG,2012,0.044864,73
United Arab Emirates,ARE,2012,0.005810,74
Trinidad and Tobago,TTO,2012,0.004853,75
Turkmenistan,TKM,2012,0.003752,76
Saudi Arabia,SAU,2012,0.002441,77
Kuwait,KWT,2012,0.000000,78
Oman,OMN,2012,0.000000,78
Iceland,ISL,2013,83.091858,1
Norway,NOR,2013,67.508636,2
Brazil,BRA,2013,39.836597,3
Sweden,SWE,2013,38.954849,4
New Zealand,NZL,2013,36.921745,5
Austria,AUT,2013,35.266674,6
Switzerland,CHE,2013,30.987797,7
Colombia,COL,2013,29.385107,8
Portugal,PRT,2013,29.105732,9
Canada,CAN,2013,28.941828,10
Croatia,HRV,2013,26.373661,11
Sri Lanka,LKA,2013,24.803471,12
Peru,PER,2013,24.136717,13
Vietnam,VNM,2013,23.877512,14
Finland,FIN,2013,22.647865,15
Latvia,LVA,2013,22.284588,16
Venezuela,VEN,2013,21.720543,17
Denmark,DNK,2013,21.378275,18
Spain,ESP,2013,19.901302,19
Chile,CHL,2013,18.432415,20
Italy,ITA,2013,17.610695,21
Ecuador,ECU,2013,17.377462,22
Slovenia,SVN,2013,17.365847,23
Romania,ROU,2013,14.889094,24
North Macedonia,MKD,2013,14.412972,25
Philippines,PHL,2013,13.847137,26
Turkey,TUR,2013,13.313222,27
Greece,GRC,2013,12.095451,28
Germany,DEU,2013,12.063335,29
Pakistan,PAK,2013,11.522516,30
Argentina,ARG,2013,10.950079,31
France,FRA,2013,10.459435,32
Bulgaria,BGR,2013,9.592919,33
Ireland,IRL,2013,9.441345,34
Slovakia,SVK,2013,8.994414,35
China,CHN,2013,8.959421,36
India,IND,2013,7.329665,37
United States,USA,2013,7.134616,38
United Kingdom,GBR,2013,6.954726,39
Lithuania,LTU,2013,6.826762,40
Australia,AUS,2013,6.525869,41
Russia,RUS,2013,6.190669,42
Japan,JPN,2013,6.129968,43
Czechia,CZE,2013,5.604129,44
Belgium,BEL,2013,5.382620,45
Poland,POL,2013,5.170563,46
Morocco,MAR,2013,5.110578,47
Mexico,MEX,2013,5.060070,48
Estonia,EST,2013,4.712014,49
Indonesia,IDN,2013,4.330604,50
Egypt,EGY,2013,4.177185,51
Netherlands,NLD,2013,3.945789,52
Thailand,THA,2013,3.859155,53
Hungary,HUN,2013,3.550579,54
Malaysia,MYS,2013,3.319553,55
Uzbekistan,UZB,2013,3.133465,56
Ukraine,UKR,2013,3.011184,57
Cyprus,CYP,2013,2.968625,58
Kazakhstan,KAZ,2013,2.862883,59
Azerbaijan,AZE,2013,2.780693,60
Iraq,IRQ,2013,2.676000,61
Luxembourg,LUX,2013,2.304208,62
Taiwan,TWN,2013,1.978034,63
Iran,IRN,2013,1.525710,64
South Korea,KOR,2013,1.515563,65
Bangladesh,BGD,2013,0.788502,66
Israel,ISR,2013,0.588429,67
South Africa,ZAF,2013,0.370654,68
Belarus,BLR,2013,0.224122,69
Singapore,SGP,2013,0.216082,70
Algeria,DZA,2013,0.064763,71
Qatar,QAT,2013,0.063197,72
Hong Kong,HKG,2013,0.038567,73
United Arab Emirates,ARE,2013,0.019642,74
Turkmenistan,TKM,2013,0.005074,75
Trinidad and Tobago,TTO,2013,0.004740,76
Saudi Arabia,SAU,2013,0.004002,77
Oman,OMN,2013,0.000967,78
Kuwait,KWT,2013,0.000109,79
Iceland,ISL,2014,82.747856,1
Norway,NOR,2014,68.887283,2
Sweden,SWE,2014,40.648502,3
Brazil,BRA,2014,38.852745,4
New Zealand,NZL,2014,37.536892,5
Austria,AUT,2014,36.640297,6
Switzerland,CHE,2014,32.276390,7
Portugal,PRT,2014,30.292532,8
Colombia,COL,2014,28.364685,9
Canada,CAN,2014,28.147760,10
Croatia,HRV,2014,28.121477,11
Finland,FIN,2014,24.728233,12
Denmark,DNK,2014,24.633705,13
Peru,PER,2014,23.940710,14
Vietnam,VNM,2014,23.073971,15
Venezuela,VEN,2014,22.182087,16
Slovenia,SVN,2014,21.739605,17
Chile,CHL,2014,20.193163,18
Spain,ESP,2014,20.088554,19
Italy,ITA,2014,19.739761,20
Latvia,LVA,2014,19.171963,21
Romania,ROU,2014,17.897146,22
Ecuador,ECU,2014,17.276142,23
Sri Lanka,LKA,2014,15.632900,24
Germany,DEU,2014,13.278847,25
Philippines,PHL,2014,13.009114,26
North Macedonia,MKD,2014,12.513251,27
Pakistan,PAK,2014,11.496394,28
Argentina,ARG,2014,11.038978,29
Greece,GRC,2014,10.859847,30
Ireland,IRL,2014,10.700231,31
France,FRA,2014,10.459279,32
China,CHN,2014,10.197330,33
Slovakia,SVK,2014,9.855442,34
Turkey,TUR,2014,9.769227,35
Bulgaria,BGR,2014,9.543798,36
United Kingdom,GBR,2014,8.877189,37
India,IND,2014,7.344336,38
United States,USA,2014,7.262891,39
Lithuania,LTU,2014,7.007638,40
Japan,JPN,2014,6.935917,41
Mexico,MEX,2014,6.727102,42
Poland,POL,2014,6.055967,43
Belgium,BEL,2014,6.051173,44
Australia,AUS,2014,5.979823,45
Russia,RUS,2014,5.887215,46
Czechia,CZE,2014,5.645436,47
Estonia,EST,2014,5.514126,48
Indonesia,IDN,2014,4.478632,49
Morocco,MAR,2014,4.458736,50
Thailand,THA,2014,4.258996,51
Egypt,EGY,2014,4.181653,52
Hungary,HUN,2014,4.012245,53
Netherlands,NLD,2014,3.978432,54
Malaysia,MYS,2014,3.563017,55
Kazakhstan,KAZ,2014,2.982452,56
Uzbekistan,UZB,2014,2.971807,57
Cyprus,CYP,2014,2.867983,58
Luxembourg,LUX,2014,2.558791,59
Azerbaijan,AZE,2014,2.433617,60
Ukraine,UKR,2014,2.284686,61
South Korea,KOR,2014,1.764075,62
Iraq,IRQ,2014,1.738719,63
Taiwan,TWN,2014,1.732457,64
Iran,IRN,2014,1.440211,65
Israel,ISR,2014,1.009692,66
South Africa,ZAF,2014,0.818098,67
Bangladesh,BGD,2014,0.646162,68
Singapore,SGP,2014,0.223354,69
Belarus,BLR,2014,0.206748,70
Algeria,DZA,2014,0.117502,71
United Arab Emirates,ARE,2014,0.072024,72
Qatar,QAT,2014,0.059519,73
Hong Kong,HKG,2014,0.046603,74
Turkmenistan,TKM,2014,0.006114,75
Trinidad and Tobago,TTO,2014,0.005310,76
Saudi Arabia,SAU,2014,0.004006,77
Kuwait,KWT,2014,0.001909,78
Oman,OMN,2014,0.000962,79
Iceland,ISL,2015,81.802467,1
Norway,NOR,2015,68.875191,2
Sweden,SWE,2015,46.599625,3
Brazil,BRA,2015,40.603523,4
New Zealand,NZL,2015,38.129433,5
Austria,AUT,2015,34.964077,6
Switzerland,CHE,2015,33.162601,7
Canada,CAN,2015,28.764147,8
Finland,FIN,2015,28.137722,9
Colombia,COL,2015,28.021618,10
Denmark,DNK,2015,26.659948,11
Portugal,PRT,2015,24.459373,12
Peru,PER,2015,24.024496,13
Croatia,HRV,2015,22.364950,14
Chile,CHL,2015,21.427673,15
Venezuela,VEN,2015,20.798300,16
Ecuador,ECU,2015,19.640232,17
Latvia,LVA,2015,18.883400,18
Vietnam,VNM,2015,18.584494,19
North Macedonia,MKD,2015,18.564972,20
Romania,ROU,2015,18.517511,21
Sri Lanka,LKA,2015,18.154892,22
Spain,ESP,2015,17.507902,23
Italy,ITA,2015,17.334675,24
Slovenia,SVN,2015,15.851431,25
Germany,DEU,2015,14.823544,26
Turkey,TUR,2015,14.063813,27
Greece,GRC,2015,13.008345,28
Philippines,PHL,2015,12.500741,29
Ireland,IRL,2015,12.265226,30
Pakistan,PAK,2015,11.174579,31
United Kingdom,GBR,2015,10.976621,32
Argentina,ARG,2015,10.907397,33
China,CHN,2015,10.787498,34
Bulgaria,BGR,2015,10.595034,35
France,FRA,2015,10.147399,36
Slovakia,SVK,2015,9.638893,37
Japan,JPN,2015,8.068797,38
United States,USA,2015,7.468743,39
Lithuania,LTU,2015,7.430521,40
India,IND,2015,7.184646,41
Belgium,BEL,2015,6.661417,42
Estonia,EST,2015,6.578982,43
Poland,POL,2015,6.561511,44
Australia,AUS,2015,6.290021,45
Mexico,MEX,2015,6.052263,46
Czechia,CZE,2015,5.899193,47
Russia,RUS,2015,5.773604,48
Morocco,MAR,2015,5.388849,49
Netherlands,NLD,2015,4.503984,50
Egypt,EGY,2015,4.328853,51
Thailand,THA,2015,4.190981,52
Hungary,HUN,2015,3.892846,53
Indonesia,IDN,2015,3.792958,54
Malaysia,MYS,2015,3.646035,55
Kazakhstan,KAZ,2015,3.566427,56
Cyprus,CYP,2015,3.475938,57
Uzbekistan,UZB,2015,3.012993,58
Luxembourg,LUX,2015,2.841861,59
Azerbaijan,AZE,2015,2.757688,60
Ukraine,UKR,2015,1.913327,61
South Korea,KOR,2015,1.904119,62
Taiwan,TWN,2015,1.832528,63
Iraq,IRQ,2015,1.610299,64
Iran,IRN,2015,1.308807,65
Israel,ISR,2015,1.299814,66
South Africa,ZAF,2015,1.224665,67
Bangladesh,BGD,2015,0.818409,68
Belarus,BLR,2015,0.272727,69
Singapore,SGP,2015,0.233905,70
Algeria,DZA,2015,0.096813,71
United Arab Emirates,ARE,2015,0.064611,72
Hong Kong,HKG,2015,0.059700,73
Qatar,QAT,2015,0.051921,74
Turkmenistan,TKM,2015,0.006777,75
Trinidad and Tobago,TTO,2015,0.006235,76
Saudi Arabia,SAU,2015,0.003862,77
Kuwait,KWT,2015,0.002874,78
Oman,OMN,2015,0.002790,79
Iceland,ISL,2016,79.913979,1
Norway,NOR,2016,69.866287,2
Brazil,BRA,2016,43.538700,3
Sweden,SWE,2016,42.082699,4
New Zealand,NZL,2016,38.990871,5
Austria,AUT,2016,35.651855,6
Switzerland,CHE,2016,32.287403,7
Canada,CAN,2016,29.652599,8
Portugal,PRT,2016,29.276423,9
Colombia,COL,2016,27.708813,10
Finland,FIN,2016,26.586720,11
Denmark,DNK,2016,25.713480,12
Croatia,HRV,2016,23.870218,13
Ecuador,ECU,2016,23.628025,14
Peru,PER,2016,22.576679,15
Latvia,LVA,2016,21.902061,16
Venezuela,VEN,2016,19.946714,17
Chile,CHL,2016,19.706335,18
Vietnam,VNM,2016,19.181915,19
Romania,ROU,2016,18.943087,20
Spain,ESP,2016,18.609848,21
North Macedonia,MKD,2016,18.146008,22
Slovenia,SVN,2016,17.115887,23
Italy,ITA,2016,17.009197,24
Germany,DEU,2016,14.607312,25
Turkey,TUR,2016,14.479534,26
Greece,GRC,2016,13.225245,27
Sri Lanka,LKA,2016,12.233840,28
Philippines,PHL,2016,11.975790,29
China,CHN,2016,11.530947,30
Ireland,IRL,2016,11.269350,31
Pakistan,PAK,2016,11.086973,32
United Kingdom,GBR,2016,11.037631,33
France,FRA,2016,10.975246,34
Argentina,ARG,2016,10.167007,35
Slovakia,SVK,2016,9.996943,36
Bulgaria,BGR,2016,9.049891,37
Lithuania,LTU,2016,8.971045,38
United States,USA,2016,8.285086,39
Japan,JPN,2016,7.975861,40
Australia,AUS,2016,7.189176,41
India,IND,2016,7.011397,42
Estonia,EST,2016,6.427242,43
Belgium,BEL,2016,6.357454,44
Russia,RUS,2016,6.171405,45
Mexico,MEX,2016,6.131493,46
Poland,POL,2016,6.050495,47
Czechia,CZE,2016,5.945770,48
Morocco,MAR,2016,5.595185,49
Indonesia,IDN,2016,5.479020,50
Malaysia,MYS,2016,4.848279,51
Netherlands,NLD,2016,4.676411,52
Thailand,THA,2016,4.599976,53
Kazakhstan,KAZ,2016,4.404113,54
Egypt,EGY,2016,4.131468,55
Hungary,HUN,2016,3.830354,56
Uzbekistan,UZB,2016,3.567936,57
Cyprus,CYP,2016,3.375119,58
Azerbaijan,AZE,2016,3.345908,59
Luxembourg,LUX,2016,3.052534,60
Ukraine,UKR,2016,2.366657,61
Taiwan,TWN,2016,2.255850,62
South Korea,KOR,2016,2.026812,63
Iraq,IRQ,2016,1.836539,64
Israel,ISR,2016,1.757680,65
South Africa,ZAF,2016,1.621017,66
Iran,IRN,2016,1.446506,67
Bangladesh,BGD,2016,0.806098,68
Belarus,BLR,2016,0.346440,69
Singapore,SGP,2016,0.231608,70
Algeria,DZA,2016,0.145807,71
United Arab Emirates,ARE,2016,0.067291,72
Hong Kong,HKG,2016,0.065501,73
Qatar,QAT,2016,0.053655,74
Kuwait,KWT,2016,0.027352,75
Turkmenistan,TKM,2016,0.008235,76
Trinidad and Tobago,TTO,2016,0.006986,77
Saudi Arabia,SAU,2016,0.003791,78
Oman,OMN,2016,0.003139,79
Iceland,ISL,2017,78.819267,1
Norway,NOR,2017,69.260994,2
Sweden,SWE,2017,43.339447,3
Brazil,BRA,2017,43.280678,4
New Zealand,NZL,2017,37.083000,5
Austria,AUT,2017,34.502872,6
Colombia,COL,2017,32.829060,7
Switzerland,CHE,2017,32.014774,8
Latvia,LVA,2017,30.695089,9
Denmark,DNK,2017,30.301117,10
Canada,CAN,2017,29.673639,11
Finland,FIN,2017,28.707514,12
Ecuador,ECU,2017,28.335857,13
Peru,PER,2017,26.171818,14
Vietnam,VNM,2017,24.208347,15
Chile,CHL,2017,22.405031,16
Venezuela,VEN,2017,21.939960,17
Portugal,PRT,2017,21.441805,18
Croatia,HRV,2017,20.273584,19
Romania,ROU,2017,16.684114,20
Germany,DEU,2017,16.196213,21
Italy,ITA,2017,16.149738,22
Spain,ESP,2017,15.682350,23
Slovenia,SVN,2017,14.848828,24
Greece,GRC,2017,14.015645,25
Turkey,TUR,2017,13.170472,26
Ireland,IRL,2017,13.157302,27
United Kingdom,GBR,2017,12.948246,28
Sri Lanka,LKA,2017,12.293098,29
China,CHN,2017,12.138821,30
North Macedonia,MKD,2017,11.811469,31
Philippines,PHL,2017,11.504091,32
Argentina,ARG,2017,10.964719,33
France,FRA,2017,10.437264,34
Lithuania,LTU,2017,10.216778,35
Pakistan,PAK,2017,9.674950,36
Slovakia,SVK,2017,9.412673,37
United States,USA,2017,9.082049,38
Japan,JPN,2017,8.634004,39
Bulgaria,BGR,2017,7.619621,40
India,IND,2017,7.511875,41
Belgium,BEL,2017,6.910616,42
Estonia,EST,2017,6.830332,43
Australia,AUS,2017,6.750127,44
Mexico,MEX,2017,6.372722,45
Malaysia,MYS,2017,6.291511,46
Poland,POL,2017,6.190996,47
Russia,RUS,2017,6.121268,48
Czechia,CZE,2017,5.815572,49
Netherlands,NLD,2017,5.489982,50
Thailand,THA,2017,5.306326,51
Morocco,MAR,2017,5.286827,52
Indonesia,IDN,2017,5.283774,53
Kazakhstan,KAZ,2017,4.042666,54
Uzbekistan,UZB,2017,3.972286,55
Egypt,EGY,2017,3.869991,56
Hungary,HUN,2017,3.864188,57
Luxembourg,LUX,2017,3.807043,58
Cyprus,CYP,2017,3.348051,59
Azerbaijan,AZE,2017,3.049804,60
Ukraine,UKR,2017,2.975400,61
South Korea,KOR,2017,2.430184,62
South Africa,ZAF,2017,2.406186,63
Taiwan,TWN,2017,2.180281,64
Israel,ISR,2017,1.723660,65
Iran,IRN,2017,1.562087,66
Iraq,IRQ,2017,1.125345,67
Bangladesh,BGD,2017,0.894644,68
Belarus,BLR,2017,0.688763,69
Algeria,DZA,2017,0.247018,70
Singapore,SGP,2017,0.225090,71
United Arab Emirates,ARE,2017,0.153018,72
Hong Kong,HKG,2017,0.062679,73
Qatar,QAT,2017,0.054936,74
Kuwait,KWT,2017,0.037581,75
Oman,OMN,2017,0.010769,76
Turkmenistan,TKM,2017,0.008254,77
Trinidad and Tobago,TTO,2017,0.006543,78
Saudi Arabia,SAU,2017,0.005355,79
Iceland,ISL,2018,77.964958,1
Norway,NOR,2018,68.858047,2
Brazil,BRA,2018,46.080498,3
Sweden,SWE,2018,42.218502,4
New Zealand,NZL,2018,38.162262,5
Austria,AUT,2018,34.568928,6
Colombia,COL,2018,31.999550,7
Switzerland,CHE,2018,31.950867,8
Denmark,DNK,2018,29.154387,9
Canada,CAN,2018,28.814518,10
Finland,FIN,2018,28.641554,11
Ecuador,ECU,2018,27.386934,12
Portugal,PRT,2018,26.900106,13
Peru,PER,2018,26.795403,14
Croatia,HRV,2018,26.735350,15
Chile,CHL,2018,24.343296,16
Latvia,LVA,2018,22.432663,17
Venezuela,VEN,2018,22.038906,18
Vietnam,VNM,2018,20.761816,19
Spain,ESP,2018,18.230534,20
Sri Lanka,LKA,2018,18.060566,21
North Macedonia,MKD,2018,17.787132,22
Italy,ITA,2018,17.727497,23
Romania,ROU,2018,17.542227,24
Germany,DEU,2018,17.084951,25
Slovenia,SVN,2018,16.982708,26
Turkey,TUR,2018,14.846624,27
Ireland,IRL,2018,14.717063,28
United Kingdom,GBR,2018,14.526468,29
Greece,GRC,2018,13.455227,30
China,CHN,2018,12.807393,31
France,FRA,2018,12.132495,32
Bulgaria,BGR,2018,11.799093,33
Argentina,ARG,2018,11.397630,34
Philippines,PHL,2018,11.201896,35
Pakistan,PAK,2018,9.416381,36
Japan,JPN,2018,9.322305,37
United States,USA,2018,8.964939,38
Lithuania,LTU,2018,8.702936,39
Slovakia,SVK,2018,8.504163,40
Australia,AUS,2018,8.300061,41
India,IND,2018,7.912806,42
Estonia,EST,2018,7.507283,43
Belgium,BEL,2018,7.415190,44
Indonesia,IDN,2018,7.393458,45
Morocco,MAR,2018,7.106934,46
Mexico,MEX,2018,6.939361,47
Thailand,THA,2018,6.380221,48
Malaysia,MYS,2018,6.253417,49
Russia,RUS,2018,6.046762,50
Netherlands,NLD,2018,5.991268,51
Poland,POL,2018,5.850797,52
Czechia,CZE,2018,5.685510,53
Luxembourg,LUX,2018,4.155875,54
Hungary,HUN,2018,4.134616,55
Egypt,EGY,2018,4.055406,56
Cyprus,CYP,2018,3.562206,57
Ukraine,UKR,2018,3.421228,58
Kazakhstan,KAZ,2018,3.388839,59
Azerbaijan,AZE,2018,3.070157,60
Uzbekistan,UZB,2018,2.927033,61
South Korea,KOR,2018,2.746018,62
South Africa,ZAF,2018,2.659158,63
Taiwan,TWN,2018,2.179111,64
Israel,ISR,2018,1.863879,65
Iran,IRN,2018,0.922730,66
Iraq,IRQ,2018,0.911954,67
Bangladesh,BGD,2018,0.747118,68
Belarus,BLR,2018,0.579096,69
Algeria,DZA,2018,0.287679,70
United Arab Emirates,ARE,2018,0.257268,71
Singapore,SGP,2018,0.222729,72
Hong Kong,HKG,2018,0.064126,73
Qatar,QAT,2018,0.061952,74
Kuwait,KWT,2018,0.047890,75
Saudi Arabia,SAU,2018,0.017982,76
Oman,OMN,2018,0.010254,77
Turkmenistan,TKM,2018,0.007368,78
Trinidad and Tobago,TTO,2018,0.006240,79
Iceland,ISL,2019,80.097191,1
Norway,NOR,2019,67.085091,2
Brazil,BRA,2019,47.304844,3
Sweden,SWE,2019,43.813766,4
New Zealand,NZL,2019,36.762379,5
Austria,AUT,2019,35.611378,6
Switzerland,CHE,2019,33.137398,7
Denmark,DNK,2019,32.795658,8
Ecuador,ECU,2019,31.769020,9
Colombia,COL,2019,29.890343,10
Finland,FIN,2019,29.214561,11
Canada,CAN,2019,28.586376,12
Peru,PER,2019,26.621336,13
Portugal,PRT,2019,26.401812,14
Chile,CHL,2019,24.144995,15
Croatia,HRV,2019,23.463097,16
Venezuela,VEN,2019,22.608103,17
Latvia,LVA,2019,19.929880,18
Turkey,TUR,2019,19.254936,19
Germany,DEU,2019,18.768305,20
Italy,ITA,2019,17.939951,21
Spain,ESP,2019,17.375851,22
Ireland,IRL,2019,16.911177,23
Romania,ROU,2019,16.837948,24
Slovenia,SVN,2019,16.781370,25
United Kingdom,GBR,2019,16.241541,26
Vietnam,VNM,2019,15.891139,27
Sri Lanka,LKA,2019,14.141156,28
Greece,GRC,2019,13.694194,29
China,CHN,2019,13.515960,30
France,FRA,2019,12.384905,31
Argentina,ARG,2019,11.926772,32
North Macedonia,MKD,2019,11.504865,33
Pakistan,PAK,2019,11.015738,34
Philippines,PHL,2019,10.227248,35
Slovakia,SVK,2019,9.983878,36
Bulgaria,BGR,2019,9.948385,37
Estonia,EST,2019,9.912990,38
Lithuania,LTU,2019,9.697966,39
Japan,JPN,2019,9.565927,40
United States,USA,2019,9.315263,41
Australia,AUS,2019,8.880722,42
India,IND,2019,8.849619,43
Belgium,BEL,2019,7.959382,44
Indonesia,IDN,2019,7.870309,45
Morocco,MAR,2019,7.547047,46
Netherlands,NLD,2019,7.302988,47
Mexico,MEX,2019,7.050771,48
Poland,POL,2019,6.989287,49
Thailand,THA,2019,6.956220,50
Russia,RUS,2019,6.201229,51
Malaysia,MYS,2019,6.178409,52
Czechia,CZE,2019,6.115212,53
Egypt,EGY,2019,5.169898,54
Hungary,HUN,2019,4.945461,55
Luxembourg,LUX,2019,4.765343,56
Cyprus,CYP,2019,3.936612,57
Kazakhstan,KAZ,2019,3.468928,58
Ukraine,UKR,2019,3.290361,59
Uzbekistan,UZB,2019,3.197033,60
South Korea,KOR,2019,2.980033,61
Israel,ISR,2019,2.919207,62
Iran,IRN,2019,2.836830,63
Taiwan,TWN,2019,2.716545,64
Azerbaijan,AZE,2019,2.674584,65
South Africa,ZAF,2019,2.644936,66
Iraq,IRQ,2019,2.277288,67
United Arab Emirates,ARE,2019,0.817454,68
Belarus,BLR,2019,0.707770,69
Bangladesh,BGD,2019,0.675129,70
Algeria,DZA,2019,0.294747,71
Singapore,SGP,2019,0.241301,72
Kuwait,KWT,2019,0.091230,73
Saudi Arabia,SAU,2019,0.086630,74
Hong Kong,HKG,2019,0.074604,75
Qatar,QAT,2019,0.057057,76
Oman,OMN,2019,0.010612,77
Turkmenistan,TKM,2019,0.006748,78
Trinidad and Tobago,TTO,2019,0.006374,79
Iceland,ISL,2020,86.836586,1
Norway,NOR,2020,70.963058,2
Sweden,SWE,2020,51.058971,3
Brazil,BRA,2020,49.471882,4
New Zealand,NZL,2020,39.064182,5
Austria,AUT,2020,38.260670,6
Denmark,DNK,2020,37.272453,7
Switzerland,CHE,2020,36.210571,8
Ecuador,ECU,2020,36.035774,9
Finland,FIN,2020,33.168510,10
Portugal,PRT,2020,31.723911,11
Colombia,COL,2020,30.772787,12
Peru,PER,2020,30.744228,13
Canada,CAN,2020,30.542151,14
Venezuela,VEN,2020,30.139423,15
Chile,CHL,2020,26.557531,16
Croatia,HRV,2020,25.170088,17
Latvia,LVA,2020,24.768972,18
Spain,ESP,2020,22.102654,19
Germany,DEU,2020,21.122828,20
Ireland,IRL,2020,20.549843,21
United Kingdom,GBR,2020,20.078987,22
Italy,ITA,2020,19.721262,23
Slovenia,SVN,2020,19.160215,24
Turkey,TUR,2020,19.150110,25
Vietnam,VNM,2020,19.136663,26
Romania,ROU,2020,17.579639,27
Greece,GRC,2020,16.707697,28
Sri Lanka,LKA,2020,15.967422,29
France,FRA,2020,14.788747,30
North Macedonia,MKD,2020,14.441304,31
China,CHN,2020,14.242872,32
Estonia,EST,2020,14.138368,33
Argentina,ARG,2020,12.179417,34
Pakistan,PAK,2020,12.021025,35
Japan,JPN,2020,11.155339,36
Philippines,PHL,2020,11.044730,37
Australia,AUS,2020,10.789811,38
Netherlands,NLD,2020,10.758958,39
Bulgaria,BGR,2020,10.692997,40
Belgium,BEL,2020,10.637791,41
United States,USA,2020,10.532232,42
Slovakia,SVK,2020,10.480760,43
Lithuania,LTU,2020,10.144763,44
Indonesia,IDN,2020,9.860147,45
India,IND,2020,9.730037,46
Mexico,MEX,2020,9.475372,47
Poland,POL,2020,7.769742,48
Morocco,MAR,2020,7.633952,49
Malaysia,MYS,2020,7.163172,50
Russia,RUS,2020,7.069781,51
Thailand,THA,2020,6.991421,52
Luxembourg,LUX,2020,6.848767,53
Czechia,CZE,2020,6.691049,54
Egypt,EGY,2020,6.564624,55
Hungary,HUN,2020,5.816242,56
Cyprus,CYP,2020,5.464621,57
Ukraine,UKR,2020,4.896079,58
Israel,ISR,2020,4.053859,59
Kazakhstan,KAZ,2020,3.900036,60
South Africa,ZAF,2020,3.150246,61
South Korea,KOR,2020,3.142855,62
Taiwan,TWN,2020,2.774463,63
Uzbekistan,UZB,2020,2.523421,64
Azerbaijan,AZE,2020,1.975832,65
Iran,IRN,2020,1.964351,66
Iraq,IRQ,2020,1.646885,67
United Arab Emirates,ARE,2020,1.178309,68
Belarus,BLR,2020,0.989725,69
Bangladesh,BGD,2020,0.658082,70
Algeria,DZA,2020,0.297899,71
Singapore,SGP,2020,0.253375,72
Oman,OMN,2020,0.133604,73
Hong Kong,HKG,2020,0.100736,74
Kuwait,KWT,2020,0.100626,75
Saudi Arabia,SAU,2020,0.087294,76
Qatar,QAT,2020,0.063927,77
Trinidad and Tobago,TTO,2020,0.007312,78
Turkmenistan,TKM,2020,0.007161,79
Iceland,ISL,2021,86.874535,1
Norway,NOR,2021,71.558365,2
Sweden,SWE,2021,50.924007,3
Brazil,BRA,2021,46.219749,4
New Zealand,NZL,2021,40.218651,5
Denmark,DNK,2021,39.249580,6
Austria,AUT,2021,37.481792,7
Switzerland,CHE,2021,36.716644,8
Finland,FIN,2021,34.611290,9
Colombia,COL,2021,33.020409,10
Portugal,PRT,2021,32.703953,11
Ecuador,ECU,2021,32.354198,12
Canada,CAN,2021,29.888439,13
Venezuela,VEN,2021,28.434155,14
Croatia,HRV,2021,28.271935,15
Peru,PER,2021,27.741009,16
Chile,CHL,2021,26.518875,17
Latvia,LVA,2021,23.917372,18
Vietnam,VNM,2021,22.734407,19
Spain,ESP,2021,22.341663,20
Sri Lanka,LKA,2021,21.404533,21
Germany,DEU,2021,19.453121,22
Greece,GRC,2021,19.391674,23
Slovenia,SVN,2021,18.768454,24
Italy,ITA,2021,18.362261,25
United Kingdom,GBR,2021,17.946543,26
Ireland,IRL,2021,17.581884,27
Romania,ROU,2021,17.481031,28
Turkey,TUR,2021,16.517044,29
China,CHN,2021,14.946244,30
North Macedonia,MKD,2021,14.823180,31
Estonia,EST,2021,14.325047,32
France,FRA,2021,13.671011,33
Australia,AUS,2021,12.933532,34
Netherlands,NLD,2021,12.373796,35
Bulgaria,BGR,2021,11.486526,36
Japan,JPN,2021,11.428995,37
Argentina,ARG,2021,11.329249,38
Philippines,PHL,2021,10.901630,39
United States,USA,2021,10.655991,40
Pakistan,PAK,2021,10.622897,41
Mexico,MEX,2021,10.514754,42
Indonesia,IDN,2021,10.385715,43
Slovakia,SVK,2021,9.821160,44
Lithuania,LTU,2021,9.490351,45
Belgium,BEL,2021,9.336409,46
India,IND,2021,9.310850,47
Malaysia,MYS,2021,8.059835,48
Poland,POL,2021,7.761686,49
Morocco,MAR,2021,7.636169,50
Thailand,THA,2021,7.113618,51
Luxembourg,LUX,2021,7.095166,52
Hungary,HUN,2021,6.819573,53
Russia,RUS,2021,6.620289,54
Czechia,CZE,2021,6.497798,55
Egypt,EGY,2021,6.230571,56
Ukraine,UKR,2021,6.100842,57
Israel,ISR,2021,5.132294,58
Kazakhstan,KAZ,2021,3.988574,59
South Korea,KOR,2021,3.724986,60
South Africa,ZAF,2021,3.408608,61
Taiwan,TWN,2021,3.036157,62
Uzbekistan,UZB,2021,2.650679,63
Azerbaijan,AZE,2021,2.201543,64
Iraq,IRQ,2021,1.502491,65
Iran,IRN,2021,1.290394,66
Belarus,BLR,2021,0.969858,67
Bangladesh,BGD,2021,0.650147,68
Algeria,DZA,2021,0.261367,69
Hong Kong,HKG,2021,0.108699,70
Turkmenistan,TKM,2021,0.007483,71
Trinidad and Tobago,TTO,2021,0.007159,72
